Date,gold_24k,gold_22k,gold_18k,usd_inr,gold_usd
2024-05-20,6518.39,5975.19,4888.79,83.30039978027344,2433.89990234375
2024-05-21,6486.86,5946.29,4865.14,83.31500244140625,2421.699951171875
2024-05-22,6399.94,5866.61,4799.95,83.31680297851562,2389.199951171875
2024-05-23,6251.02,5730.1,4688.27,83.26709747314453,2335.0
2024-05-24,6245.78,5725.3,4684.33,83.2863998413086,2332.5
2024-05-28,6295.91,5771.25,4721.93,83.14569854736328,2355.199951171875
2024-05-29,6260.65,5738.93,4695.49,83.20649719238281,2340.300048828125
2024-05-30,6279.59,5756.29,4709.69,83.3656005859375,2342.89990234375
2024-05-31,6222.65,5704.09,4666.99,83.3208999633789,2322.89990234375
2024-06-03,6295.94,5771.27,4721.95,83.45079803466797,2346.60009765625
2024-06-04,6212.6,5694.89,4659.45,83.09339904785156,2325.5
2024-06-05,6329.58,5802.11,4747.18,83.62940216064453,2354.10009765625
2024-06-06,6354.19,5824.67,4765.64,83.38079833984375,2370.300048828125
2024-06-07,6186.51,5670.97,4639.88,83.47309875488281,2305.199951171875
2024-06-10,6197.27,5680.83,4647.95,83.52760314941406,2307.699951171875
2024-06-11,6196.89,5680.48,4647.67,83.52980041503906,2307.5
2024-06-12,6278.46,5755.26,4708.85,83.5968017578125,2336.0
2024-06-13,6177.62,5662.82,4633.21,83.5343017578125,2300.199951171875
2024-06-14,6260.5,5738.79,4695.37,83.52210235595703,2331.39990234375
2024-06-17,6211.69,5694.05,4658.76,83.55180358886719,2312.39990234375
2024-06-18,6256.91,5735.5,4692.69,83.51010131835938,2330.39990234375
2024-06-20,6312.89,5786.81,4734.66,83.41950225830078,2353.800048828125
2024-06-21,6226.14,5707.29,4669.6,83.60160064697266,2316.39990234375
2024-06-24,6259.77,5738.12,4694.82,83.5625,2330.0
2024-06-25,6216.16,5698.15,4662.12,83.46040344238281,2316.60009765625
2024-06-26,6166.09,5652.24,4624.56,83.41459655761719,2299.199951171875
2024-06-27,6246.33,5725.8,4684.75,83.58039855957031,2324.5
2024-06-28,6245.23,5724.8,4683.93,83.45089721679688,2327.699951171875
2024-07-01,6238.73,5718.83,4679.04,83.36750030517578,2327.60009765625
2024-07-02,6231.91,5712.58,4673.93,83.44129943847656,2323.0
2024-07-03,6333.5,5805.71,4750.12,83.4791030883789,2359.800048828125
2024-07-05,6411.63,5877.32,4808.72,83.49340057373047,2388.5
2024-07-08,6320.62,5793.9,4740.47,83.47209930419922,2355.199951171875
2024-07-09,6332.67,5804.95,4749.5,83.45760345458984,2360.10009765625
2024-07-10,6367.84,5837.19,4775.88,83.49299621582031,2372.199951171875
2024-07-11,6482.96,5942.71,4862.22,83.49590301513672,2415.0
2024-07-12,6482.02,5941.86,4861.52,83.51850128173828,2414.0
2024-07-15,6506.06,5963.89,4879.55,83.52030181884766,2422.89990234375
2024-07-16,6617.46,6066.0,4963.09,83.58760070800781,2462.39990234375
2024-07-17,6592.46,6043.09,4944.34,83.52960205078125,2454.800048828125
2024-07-18,6587.75,6038.77,4940.81,83.57209777832031,2451.800048828125
2024-07-19,6444.35,5907.32,4833.26,83.67430114746094,2395.5
2024-07-22,6439.24,5902.64,4829.43,83.73030090332031,2392.0
2024-07-23,6468.6,5929.55,4851.45,83.67130279541016,2404.60009765625
2024-07-24,6494.76,5953.53,4871.07,83.70680236816406,2413.300048828125
2024-07-25,6332.25,5804.56,4749.19,83.74299621582031,2351.89990234375
2024-07-26,6407.49,5873.54,4805.62,83.73760223388672,2380.0
2024-07-29,6399.48,5866.19,4799.61,83.72779846191406,2377.300048828125
2024-07-30,6475.8,5936.15,4856.85,83.75050354003906,2405.0
2024-07-31,6532.79,5988.39,4899.59,83.73899841308594,2426.5
2024-08-01,6554.02,6007.85,4915.51,83.7177963256836,2435.0
2024-08-02,6531.02,5986.77,4898.26,83.743896484375,2425.699951171875
2024-08-05,6465.74,5926.93,4849.3,83.73529815673828,2401.699951171875
2024-08-06,6452.35,5914.65,4839.26,84.00260162353516,2389.10009765625
2024-08-07,6450.93,5913.35,4838.19,83.93489837646484,2390.5
2024-08-08,6537.05,5992.3,4902.79,83.94239807128906,2422.199951171875
2024-08-09,6567.42,6020.13,4925.56,83.98899841308594,2432.10009765625
2024-08-12,6646.13,6092.29,4984.6,83.94979858398438,2462.39990234375
2024-08-13,6653.0,6098.58,4989.75,83.88999938964844,2466.699951171875
2024-08-14,6578.74,6030.51,4934.05,83.88200378417969,2439.39990234375
2024-08-15,6622.74,6070.85,4967.06,83.97149658203125,2453.10009765625
2024-08-16,6743.72,6181.74,5057.79,83.94830322265625,2498.60009765625
2024-08-19,6747.65,6185.35,5060.74,83.88980102539062,2501.800048828125
2024-08-20,6772.37,6208.0,5079.28,83.87860107421875,2511.300048828125
2024-08-21,6756.55,6193.5,5067.41,83.77940368652344,2508.39990234375
2024-08-22,6685.79,6128.64,5014.34,83.88860321044922,2478.89990234375
2024-08-23,6769.55,6205.42,5077.16,83.94059753417969,2508.39990234375
2024-08-26,6784.38,6219.02,5088.29,83.81379699707031,2517.699951171875
2024-08-27,6785.45,6220.0,5089.09,83.88369750976562,2516.0
2024-08-28,6748.05,6185.71,5061.04,83.92160034179688,2501.0
2024-08-29,6816.31,6248.28,5112.23,83.94149780273438,2525.699951171875
2024-08-30,6726.5,6165.96,5044.87,83.89510345458984,2493.800048828125
2024-09-03,6718.55,6158.68,5038.92,83.92729949951172,2489.89990234375
2024-09-04,6729.84,6169.02,5047.38,83.95030212402344,2493.39990234375
2024-09-05,6781.03,6215.94,5085.77,83.98249816894531,2511.39990234375
2024-09-06,6732.78,6171.72,5049.59,83.98359680175781,2493.5
2024-09-09,6755.11,6192.19,5066.33,83.98259735107422,2501.800048828125
2024-09-10,6783.33,6218.05,5087.5,83.98090362548828,2512.300048828125
2024-09-11,6782.88,6217.64,5087.16,83.98200225830078,2512.10009765625
2024-09-12,6889.32,6315.21,5166.99,83.99259948730469,2551.199951171875
2024-09-13,6965.8,6385.32,5224.35,83.93479919433594,2581.300048828125
2024-09-16,6959.23,6379.29,5219.42,83.88480377197266,2580.39990234375
2024-09-17,6915.74,6339.43,5186.81,83.88400268554688,2564.300048828125
2024-09-18,6923.63,6346.66,5192.72,83.77059936523438,2570.699951171875
2024-09-19,6963.66,6383.35,5222.74,83.69170379638672,2588.0
2024-09-20,7043.01,6456.09,5282.25,83.61470031738281,2619.89990234375
2024-09-23,7049.97,6462.48,5287.48,83.48709869384766,2626.5
2024-09-24,7122.45,6528.92,5341.84,83.55960083007812,2651.199951171875
2024-09-25,7144.63,6549.24,5358.47,83.56759643554688,2659.199951171875
2024-09-26,7178.23,6580.04,5383.67,83.62409973144531,2669.89990234375
2024-09-27,7108.8,6516.4,5331.6,83.61710357666016,2644.300048828125
2024-09-30,7095.18,6503.91,5321.38,83.71640014648438,2636.10009765625
2024-10-01,7188.66,6589.61,5391.5,83.82730102539062,2667.300048828125
2024-10-02,7138.03,6543.2,5353.53,83.87210083007812,2647.10009765625
2024-10-03,7169.06,6571.64,5376.79,83.91960144042969,2657.10009765625
2024-10-04,7146.21,6550.69,5359.66,84.0093994140625,2645.800048828125
2024-10-07,7145.07,6549.65,5358.8,84.02780151367188,2644.800048828125
2024-10-08,7059.21,6470.94,5294.41,83.96410369873047,2615.0
2024-10-09,7030.77,6444.87,5273.07,83.91459655761719,2606.0
2024-10-10,7072.48,6483.11,5304.36,83.94219970703125,2620.60009765625
2024-10-11,7172.66,6574.94,5379.5,83.94599914550781,2657.60009765625
2024-10-14,7165.14,6568.04,5373.85,84.16829681396484,2647.800048828125
2024-10-15,7191.69,6592.38,5393.77,84.04850006103516,2661.39990234375
2024-10-16,7226.4,6624.2,5419.8,84.05619812011719,2674.0
2024-10-17,7270.88,6664.97,5453.16,84.03929901123047,2691.0
2024-10-18,7333.48,6722.35,5500.11,84.05380249023438,2713.699951171875
2024-10-21,7360.18,6746.84,5520.14,84.0687026977539,2723.10009765625
2024-10-22,7417.64,6799.5,5563.23,84.07350158691406,2744.199951171875
2024-10-23,7338.0,6726.5,5503.5,84.08399963378906,2714.39990234375
2024-10-24,7391.98,6775.98,5543.99,84.06759643554688,2734.89990234375
2024-10-25,7409.45,6792.0,5557.09,84.08180236816406,2740.89990234375
2024-10-28,7416.64,6798.58,5562.48,84.10199737548828,2742.89990234375
2024-10-29,7485.66,6861.85,5614.24,84.10279846191406,2768.39990234375
2024-10-30,7538.8,6910.57,5654.1,84.08930206298828,2788.5
2024-10-31,7403.06,6786.14,5552.3,84.08910369873047,2738.300048828125
2024-11-01,7404.09,6787.08,5553.06,84.09149932861328,2738.60009765625
2024-11-04,7401.03,6784.28,5550.77,84.13359832763672,2736.10009765625
2024-11-05,7414.06,6796.22,5560.54,84.15249633789062,2740.300048828125
2024-11-06,7214.26,6613.07,5410.69,84.11630249023438,2667.60009765625
2024-11-07,7309.26,6700.15,5481.94,84.2511978149414,2698.39990234375
2024-11-08,7284.5,6677.46,5463.37,84.306396484375,2687.5
2024-11-11,7084.11,6493.77,5313.08,84.38289642333984,2611.199951171875
2024-11-12,7054.86,6466.96,5291.15,84.39649963378906,2600.0
2024-11-13,7002.67,6419.11,5252.0,84.39530181884766,2580.800048828125
2024-11-14,6970.76,6389.87,5228.07,84.4229965209961,2568.199951171875
2024-11-15,6968.17,6387.49,5226.13,84.47380065917969,2565.699951171875
2024-11-18,7090.42,6499.55,5317.82,84.47750091552734,2610.60009765625
2024-11-19,7128.56,6534.52,5346.42,84.39849853515625,2627.10009765625
2024-11-20,7185.74,6586.93,5389.31,84.39759826660156,2648.199951171875
2024-11-21,7249.35,6645.24,5437.01,84.38310241699219,2672.10009765625
2024-11-22,7361.06,6747.64,5520.8,84.48829650878906,2709.89990234375
2024-11-25,7103.77,6511.79,5327.83,84.43599700927734,2616.800048828125
2024-11-26,7108.34,6515.98,5331.26,84.37750244140625,2620.300048828125
2024-11-27,7158.26,6561.73,5368.69,84.33910369873047,2639.89990234375
2024-11-29,7215.94,6614.61,5411.96,84.47160339355469,2657.0
2024-12-02,7163.16,6566.23,5372.37,84.55699920654297,2634.89990234375
2024-12-03,7205.11,6604.69,5403.83,84.73709869384766,2644.699951171875
2024-12-04,7225.3,6623.19,5418.97,84.68309783935547,2653.800048828125
2024-12-05,7153.26,6557.15,5364.94,84.70700073242188,2626.60009765625
2024-12-06,7183.97,6585.31,5387.98,84.68379974365234,2638.60009765625
2024-12-09,7254.05,6649.55,5440.54,84.66600036621094,2664.89990234375
2024-12-10,7358.79,6745.56,5519.09,84.84729766845703,2697.60009765625
2024-12-11,7459.89,6838.23,5594.91,84.8740005493164,2733.800048828125
2024-12-12,7332.08,6721.08,5499.06,84.85710144042969,2687.5
2024-12-13,7244.62,6640.9,5433.46,84.83920288085938,2656.0
2024-12-16,7228.9,6626.49,5421.67,84.802001953125,2651.39990234375
2024-12-17,7219.61,6617.98,5414.71,84.91729736328125,2644.39990234375
2024-12-18,7197.89,6598.06,5398.41,84.91539764404297,2636.5
2024-12-19,7097.79,6506.3,5323.34,85.16549682617188,2592.199951171875
2024-12-20,7207.35,6606.74,5405.52,85.27940368652344,2628.699951171875
2024-12-23,7134.3,6539.78,5350.73,84.94499969482422,2612.300048828125
2024-12-24,7168.3,6570.94,5376.22,85.0988998413086,2620.0
2024-12-26,7246.42,6642.55,5434.81,85.41339874267578,2638.800048828125
2024-12-27,7174.27,6576.41,5380.7,85.26090240478516,2617.199951171875
2024-12-30,7154.32,6558.13,5365.74,85.38600158691406,2606.10009765625
2024-12-31,7251.6,6647.3,5438.7,85.7865982055664,2629.199951171875
2025-01-02,7333.44,6722.32,5500.08,85.78569793701172,2658.89990234375
2025-01-03,7296.66,6688.6,5472.49,85.80400085449219,2645.0
2025-01-06,7274.63,6668.41,5455.97,85.75900268554688,2638.39990234375
2025-01-07,7318.4,6708.54,5488.8,85.68070220947266,2656.699951171875
2025-01-08,7350.67,6738.11,5513.0,85.80650329589844,2664.5
2025-01-09,7412.62,6794.91,5559.47,85.90750122070312,2683.800048828125
2025-01-10,7481.93,6858.44,5611.45,85.91999816894531,2708.5
2025-01-13,7408.29,6790.93,5556.21,86.18800354003906,2673.5
2025-01-14,7459.19,6837.59,5594.39,86.65059661865234,2677.5
2025-01-15,7546.65,6917.76,5659.99,86.535400390625,2712.5
2025-01-16,7631.75,6995.77,5723.81,86.43099975585938,2746.39990234375
2025-01-17,7641.36,7004.58,5731.02,86.6061019897461,2744.300048828125
2025-01-21,7636.17,6999.82,5727.13,86.21109771728516,2755.0
2025-01-22,7692.52,7051.48,5769.39,86.45189666748047,2767.60009765625
2025-01-23,7681.86,7041.7,5761.39,86.47270202636719,2763.10009765625
2025-01-24,7718.44,7075.23,5788.83,86.44020080566406,2777.300048828125
2025-01-27,7586.95,6954.7,5690.21,86.2030029296875,2737.5
2025-01-28,7691.76,7050.78,5768.82,86.46839904785156,2766.800048828125
2025-01-29,7708.5,7066.13,5781.38,86.58460235595703,2769.10009765625
2025-01-30,7863.63,7208.33,5897.72,86.6406021118164,2823.0
2025-01-31,7834.96,7182.05,5876.22,86.64700317382812,2812.5
2025-02-03,7886.1,7228.93,5914.58,86.55400085449219,2833.89990234375
2025-02-04,7975.81,7311.16,5981.86,86.94339752197266,2853.300048828125
2025-02-05,8044.2,7373.85,6033.15,87.13009643554688,2871.60009765625
2025-02-06,8019.23,7350.96,6014.42,87.33409881591797,2856.0
2025-02-07,8074.39,7401.53,6055.8,87.58830261230469,2867.300048828125
2025-02-10,8199.7,7516.39,6149.78,87.51309967041016,2914.300048828125
2025-02-11,8192.48,7509.78,6144.36,87.49009704589844,2912.5
2025-02-12,8119.14,7442.55,6089.36,86.81120300292969,2909.0
2025-02-13,8172.22,7491.2,6129.16,86.8740005493164,2925.89990234375
2025-02-14,8042.96,7372.71,6032.22,86.75409698486328,2883.60009765625
2025-02-18,8186.33,7504.14,6139.75,86.85479736328125,2931.60009765625
2025-02-19,8155.3,7475.69,6116.48,86.88719940185547,2919.39990234375
2025-02-20,8211.49,7527.2,6158.62,86.872802734375,2940.0
2025-02-21,8164.97,7484.55,6123.73,86.45120239257812,2937.60009765625
2025-02-24,8201.01,7517.59,6150.76,86.52940368652344,2947.89990234375
2025-02-25,8095.28,7420.67,6071.46,86.69010162353516,2904.5
2025-02-26,8166.23,7485.71,6124.68,87.0811996459961,2916.800048828125
2025-02-27,8079.67,7406.37,6059.75,87.16220092773438,2883.199951171875
2025-02-28,7964.67,7300.95,5973.51,87.3270034790039,2836.800048828125
2025-03-03,8127.33,7450.05,6095.5,87.46399688720703,2890.199951171875
2025-03-04,8169.31,7488.54,6126.98,87.32959747314453,2909.60009765625
2025-03-05,8174.76,7493.53,6131.07,87.21700286865234,2915.300048828125
2025-03-06,8147.68,7468.71,6110.76,86.88929748535156,2916.60009765625
2025-03-07,8136.8,7458.74,6102.6,87.12879943847656,2904.699951171875
2025-03-10,8093.31,7418.87,6069.98,87.07379913330078,2891.0
2025-03-11,8180.97,7499.22,6135.72,87.3551025390625,2912.89990234375
2025-03-12,8239.9,7553.24,6179.93,87.20010375976562,2939.10009765625
2025-03-13,8380.1,7681.76,6285.08,87.3405990600586,2984.300048828125
2025-03-14,8368.45,7671.08,6276.34,86.9220962524414,2994.5
2025-03-17,8385.46,7686.67,6289.09,86.93900299072266,3000.0
2025-03-18,8481.36,7774.58,6361.02,86.91639709472656,3035.10009765625
2025-03-19,8450.38,7746.18,6337.78,86.57610321044922,3035.89990234375
2025-03-20,8438.43,7735.23,6328.82,86.33709716796875,3040.0
2025-03-21,8377.82,7679.67,6283.37,86.33609771728516,3018.199951171875
2025-03-24,8329.85,7635.69,6247.39,85.98699951171875,3013.10009765625
2025-03-25,8314.93,7622.02,6236.2,85.53209686279297,3023.699951171875
2025-03-26,8312.89,7620.15,6234.67,85.59040069580078,3020.89990234375
2025-03-27,8470.72,7764.83,6353.04,86.09539794921875,3060.199951171875
2025-03-28,8503.78,7795.13,6377.83,85.69490051269531,3086.5
2025-03-31,8588.12,7872.44,6441.09,85.53880310058594,3122.800048828125
2025-04-01,8570.3,7856.11,6427.73,85.46810150146484,3118.89990234375
2025-04-02,8642.34,7922.15,6481.76,85.61009979248047,3139.89990234375
2025-04-03,8528.36,7817.66,6396.27,85.65119934082031,3097.0
2025-04-04,8258.62,7570.4,6193.97,85.28289794921875,3012.0
2025-04-07,8115.57,7439.27,6086.68,85.529296875,2951.300048828125
2025-04-08,8210.09,7525.92,6157.57,86.0270004272461,2968.39990234375
2025-04-09,8493.88,7786.06,6370.41,86.435302734375,3056.5
2025-04-10,8745.24,8016.47,6558.93,86.20929718017578,3155.199951171875
2025-04-11,8936.24,8191.55,6702.18,86.2603988647461,3222.199951171875
2025-04-14,8881.04,8140.95,6660.78,86.19300079345703,3204.800048828125
2025-04-15,8904.22,8162.2,6678.16,86.0447998046875,3218.699951171875
2025-04-16,9168.69,8404.64,6876.52,85.72669982910156,3326.60009765625
2025-04-17,9108.06,8349.05,6831.04,85.62049865722656,3308.699951171875
2025-04-22,9311.12,8535.19,6983.34,85.15889739990234,3400.800048828125
2025-04-23,8977.99,8229.82,6733.49,85.2323989868164,3276.300048828125
2025-04-24,9159.28,8396.01,6869.46,85.4999008178711,3332.0
2025-04-25,8997.33,8247.56,6748.0,85.2573013305664,3282.39990234375
2025-04-28,9148.33,8385.97,6861.25,85.38490295410156,3332.5
2025-04-29,9086.76,8329.53,6815.07,85.1603012084961,3318.800048828125
2025-04-30,9050.09,8295.92,6787.57,85.1707992553711,3305.0
2025-05-01,8723.94,7996.95,6542.96,84.53119659423828,3210.0
2025-05-02,8800.66,8067.27,6600.49,84.69670104980469,3231.89990234375
2025-05-05,8998.73,8248.83,6749.05,84.52629852294922,3311.300048828125
2025-05-06,9237.25,8467.48,6927.94,84.2208023071289,3411.39990234375
2025-05-07,9218.25,8450.06,6913.68,84.79319763183594,3381.39990234375
2025-05-08,8989.61,8240.48,6742.21,84.81719970703125,3296.60009765625
2025-05-09,9231.07,8461.81,6923.3,86.08219909667969,3335.39990234375
2025-05-12,8841.92,8105.1,6631.44,85.4083023071289,3220.0
2025-05-13,8851.56,8113.93,6638.67,84.9656982421875,3240.300048828125
2025-05-14,8700.33,7975.31,6525.25,85.060302734375,3181.39990234375
2025-05-15,8852.06,8114.38,6639.04,85.48760223388672,3220.699951171875
2025-05-16,8741.32,8012.88,6555.99,85.44490051269531,3182.0
2025-05-19,8875.91,8136.25,6656.93,85.50029754638672,3228.89990234375
2025-05-20,9003.68,8253.38,6752.76,85.37210083007812,3280.300048828125
2025-05-21,9100.73,8342.34,6825.55,85.53610229492188,3309.300048828125
2025-05-22,9060.78,8305.71,6795.58,85.60030364990234,3292.300048828125
2025-05-23,9297.51,8522.72,6973.13,85.97489929199219,3363.60009765625
2025-05-27,9032.6,8279.88,6774.45,85.158203125,3299.10009765625
2025-05-28,9038.96,8285.71,6779.22,85.3604965209961,3293.60009765625
2025-05-29,9106.16,8347.32,6829.62,85.38590240478516,3317.10009765625
2025-05-30,9026.15,8273.97,6769.61,85.36129760742188,3288.89990234375
2025-06-02,9268.03,8495.7,6951.02,85.52429962158203,3370.60009765625
2025-06-03,9194.64,8428.42,6895.98,85.36370086669922,3350.199951171875
2025-06-04,9296.02,8521.35,6972.01,85.70880126953125,3373.5
2025-06-05,9254.24,8483.05,6940.68,85.9041976928711,3350.699951171875
2025-06-06,9174.05,8409.55,6880.54,85.87750244140625,3322.699951171875
2025-06-09,9190.13,8424.29,6892.6,85.7853012084961,3332.10009765625
2025-06-10,9156.11,8393.1,6867.08,85.75599670410156,3320.89990234375
2025-06-11,9146.19,8384.01,6859.65,85.65280151367188,3321.300048828125
2025-06-12,9290.43,8516.23,6967.82,85.46980285644531,3380.89990234375
2025-06-13,9452.76,8665.03,7089.57,85.68840026855469,3431.199951171875
2025-06-16,9418.13,8633.28,7063.6,86.24919891357422,3396.39990234375
2025-06-17,9375.17,8593.9,7031.38,86.10420227050781,3386.60009765625
2025-06-18,9412.2,8627.85,7059.15,86.36270141601562,3389.800048828125
2025-06-20,9375.89,8594.56,7031.92,86.58380126953125,3368.10009765625
2025-06-23,9402.23,8618.71,7051.67,86.5802993774414,3377.699951171875
2025-06-24,9197.34,8430.89,6898.0,86.23300170898438,3317.39990234375
2025-06-25,9189.12,8423.36,6891.84,85.90480041503906,3327.10009765625
2025-06-26,9217.66,8449.52,6913.24,86.006103515625,3333.5
2025-06-27,9016.54,8265.17,6762.41,85.66639709472656,3273.699951171875
2025-06-30,9051.2,8296.93,6788.4,85.4552993774414,3294.39990234375
2025-07-01,9195.17,8428.9,6896.38,85.71399688720703,3336.699951171875
2025-07-02,9218.64,8450.42,6913.98,85.6427993774414,3348.0
2025-07-03,9178.98,8414.07,6884.24,85.69409942626953,3331.60009765625
2025-07-04,9141.28,8379.51,6855.96,85.31909942626953,3332.5
2025-07-07,9159.44,8396.16,6869.58,85.49629974365234,3332.199951171875
2025-07-08,9132.25,8371.23,6849.19,85.89199829101562,3307.0
2025-07-09,9125.3,8364.85,6843.97,85.7073974609375,3311.60009765625
2025-07-10,9141.4,8379.61,6856.05,85.70850372314453,3317.39990234375
2025-07-11,9250.6,8479.72,6937.95,85.73480224609375,3356.0
2025-07-14,9247.51,8476.89,6935.64,85.82129669189453,3351.5
2025-07-15,9203.39,8436.44,6902.54,85.96839904785156,3329.800048828125
2025-07-16,9268.79,8496.39,6951.59,85.99310302734375,3352.5
2025-07-17,9222.92,8454.35,6917.19,85.88520050048828,3340.10009765625
2025-07-18,9275.93,8502.94,6956.95,86.04650115966797,3353.0
2025-07-21,9422.38,8637.18,7066.78,86.14859771728516,3401.89990234375
2025-07-22,9530.85,8736.61,7148.14,86.19529724121094,3439.199951171875
2025-07-23,9421.97,8636.8,7066.47,86.3427963256836,3394.10009765625
2025-07-24,9363.9,8583.57,7022.92,86.39869689941406,3371.0
2025-07-25,9264.51,8492.47,6948.38,86.4302978515625,3334.0
2025-07-28,9203.38,8436.43,6902.54,86.506103515625,3309.10009765625
2025-07-29,9272.16,8499.48,6954.12,86.77760314941406,3323.39990234375
2025-07-30,9225.42,8456.64,6919.07,87.06320190429688,3295.800048828125
2025-07-31,9287.11,8513.19,6965.33,87.714599609375,3293.199951171875
2025-08-01,9416.57,8631.86,7062.43,87.4894027709961,3347.699951171875
2025-08-04,9465.19,8676.42,7098.89,87.24530029296875,3374.39990234375
2025-08-05,9556.69,8760.29,7167.51,87.89330291748047,3381.89990234375
2025-08-06,9532.82,8738.42,7149.62,87.72309875488281,3380.0
2025-08-07,9594.38,8794.85,7195.79,87.76249694824219,3400.300048828125
2025-08-08,9667.45,8861.83,7250.59,87.43319702148438,3439.10009765625
2025-08-11,9431.64,8645.67,7073.73,87.48829650878906,3353.10009765625
2025-08-12,9438.8,8652.23,7079.1,87.66449737548828,3348.89990234375
2025-08-13,9458.98,8670.73,7094.23,87.59559631347656,3358.699951171875
2025-08-14,9377.18,8595.75,7032.89,87.44999694824219,3335.199951171875
2025-08-15,9405.37,8621.59,7054.03,87.69180297851562,3336.0
2025-08-18,9374.07,8592.9,7030.55,87.51280212402344,3331.699951171875
2025-08-19,9299.39,8524.44,6974.54,87.29509735107422,3313.39990234375
2025-08-20,9360.37,8580.34,7020.28,87.0791015625,3343.39990234375
2025-08-21,9335.64,8557.67,7001.73,87.01820373535156,3336.89990234375
2025-08-22,9470.41,8681.21,7102.81,87.29340362548828,3374.39990234375
2025-08-25,9472.71,8683.31,7104.53,87.3301010131836,3373.800048828125
2025-08-26,9544.6,8749.22,7158.45,87.60859680175781,3388.60009765625
2025-08-27,9588.8,8789.74,7191.6,87.60070037841797,3404.60009765625
2025-08-28,9671.85,8865.87,7253.89,87.65910339355469,3431.800048828125
2025-08-29,9782.41,8967.21,7336.81,87.5916976928711,3473.699951171875
2025-09-02,10042.35,9205.49,7531.76,88.00140380859375,3549.39990234375
2025-09-03,10165.91,9318.75,7624.43,87.99829864501953,3593.199951171875
2025-09-04,10096.96,9255.54,7572.72,88.072998046875,3565.800048828125
2025-09-05,10245.1,9391.35,7683.83,88.19290161132812,3613.199951171875
2025-09-08,10314.94,9455.36,7736.2,88.1863021850586,3638.10009765625
2025-09-09,10305.57,9446.77,7729.18,87.98049926757812,3643.300048828125
2025-09-10,10334.28,9473.09,7750.71,88.21829986572266,3643.60009765625
2025-09-11,10295.99,9437.99,7721.99,88.05339813232422,3636.89990234375
2025-09-12,10356.51,9493.47,7767.38,88.2676010131836,3649.39990234375
2025-09-15,10450.74,9579.85,7838.06,88.27729797363281,3682.199951171875
2025-09-16,10451.52,9580.56,7838.64,88.12349700927734,3688.89990234375
2025-09-17,10403.12,9536.2,7802.34,87.88459777832031,3681.800048828125
2025-09-18,10298.53,9440.32,7723.89,87.91069793701172,3643.699951171875
2025-09-19,10412.06,9544.39,7809.05,88.20690155029297,3671.5
2025-09-22,10595.36,9712.41,7946.52,88.09919738769531,3740.699951171875
2025-09-23,10733.31,9838.87,8049.99,88.30439758300781,3780.60009765625
2025-09-24,10656.05,9768.04,7992.03,88.80799865722656,3732.10009765625
2025-09-25,10666.22,9777.37,7999.66,88.77860260009766,3736.89990234375
2025-09-26,10775.16,9877.23,8081.37,88.77310180664062,3775.300048828125
2025-09-29,10893.47,9985.69,8170.11,88.67680358886719,3820.89990234375
2025-09-30,10953.63,10040.83,8215.22,88.70449829101562,3840.800048828125
2025-10-01,11046.71,10126.15,8285.03,88.8406982421875,3867.5
2025-10-02,10947.84,10035.52,8210.88,88.68299865722656,3839.699951171875
2025-10-03,11069.67,10147.19,8302.25,88.72019958496094,3880.800048828125
2025-10-06,11264.67,10325.94,8448.5,88.73509979248047,3948.5
2025-10-07,11343.04,10397.79,8507.28,88.72109985351562,3976.60009765625
2025-10-08,11536.1,10574.75,8652.07,88.74259948730469,4043.300048828125
2025-10-09,11263.73,10325.09,8447.8,88.7771987915039,3946.300048828125
2025-10-10,11359.49,10412.87,8519.62,88.86540222167969,3975.89990234375
2025-10-13,11724.35,10747.32,8793.26,88.7573013305664,4108.60009765625
2025-10-14,11797.97,10814.81,8848.48,88.66510009765625,4138.7001953125
2025-10-15,11922.63,10929.08,8941.97,88.78250122070312,4176.89990234375
2025-10-16,12083.6,11076.63,9062.7,87.80950164794922,4280.2001953125
2025-10-17,11853.08,10865.32,8889.81,87.9906997680664,4189.89990234375
2025-10-20,12269.14,11246.71,9201.85,88.0022964477539,4336.39990234375
2025-10-21,11549.41,10586.96,8662.06,87.87999725341797,4087.699951171875
2025-10-22,11442.88,10489.31,8582.16,88.00160217285156,4044.39990234375
2025-10-23,11637.68,10667.87,8728.26,87.74030303955078,4125.5
2025-10-24,11622.78,10654.21,8717.08,87.77899932861328,4118.39990234375
2025-10-27,11300.43,10358.73,8475.32,87.8290023803711,4001.89990234375
2025-10-28,11249.75,10312.27,8437.31,88.22209930419922,3966.199951171875
2025-10-29,11299.82,10358.17,8474.86,88.22550201416016,3983.699951171875
2025-10-30,11365.19,10418.09,8523.89,88.34559631347656,4001.300048828125
2025-10-31,11347.93,10402.27,8510.95,88.6344985961914,3982.199951171875
2025-11-03,11417.63,10466.16,8563.22,88.77539825439453,4000.300048828125
2025-11-04,11260.9,10322.49,8445.67,88.72339630126953,3947.699951171875
2025-11-05,11354.99,10408.74,8516.24,88.73200225830078,3980.300048828125
2025-11-06,11331.44,10387.16,8498.58,88.55690002441406,3979.89990234375
2025-11-07,11401.89,10451.74,8551.42,88.6729965209961,3999.39990234375
2025-11-10,11720.35,10743.66,8790.26,88.65799713134766,4111.7998046875
2025-11-11,11712.58,10736.53,8784.44,88.70709991455078,4106.7998046875
2025-11-12,11958.41,10961.88,8968.81,88.46649932861328,4204.39990234375
2025-11-13,11925.8,10931.99,8944.35,88.59400177001953,4186.89990234375
2025-11-14,11672.15,10699.47,8754.11,88.81610107421875,4087.60009765625
2025-11-17,11599.5,10632.87,8699.62,88.68199920654297,4068.300048828125
2025-11-18,11573.52,10609.06,8680.14,88.63590240478516,4061.300048828125
2025-11-19,11609.89,10642.39,8707.41,88.55680084228516,4077.699951171875
2025-11-20,11540.45,10578.74,8655.34,88.48719787597656,4056.5
2025-11-21,11624.78,10656.05,8718.59,88.69219970703125,4076.699951171875
2025-11-24,11792.03,10809.36,8844.02,89.63400268554688,4091.89990234375
2025-11-25,11863.64,10875.0,8897.73,89.14779663085938,4139.2001953125
2025-11-26,11938.53,10943.65,8953.9,89.15059661865234,4165.2001953125
2025-11-28,12119.78,11109.8,9089.83,89.36479949951172,4218.2998046875
2025-12-01,12178.1,11163.26,9133.57,89.3499984741211,4239.2998046875
2025-12-02,12062.07,11056.9,9046.55,89.61270141601562,4186.60009765625
2025-12-03,12139.77,11128.12,9104.83,89.91719818115234,4199.2998046875
2025-12-04,12210.2,11192.69,9157.65,90.17050170898438,4211.7998046875
2025-12-05,12168.14,11154.13,9126.11,89.8364028930664,4212.89990234375
2025-12-08,12107.59,11098.62,9080.69,89.93800354003906,4187.2001953125
2025-12-09,12189.94,11174.11,9142.46,90.12999725341797,4206.7001953125
2025-12-10,12131.34,11120.4,9098.51,89.91690063476562,4196.39990234375
2025-12-11,12371.85,11340.86,9278.89,89.79299926757812,4285.5
2025-12-12,12477.6,11437.8,9358.2,90.25299835205078,4300.10009765625
2025-12-15,12541.61,11496.48,9406.21,90.5770034790039,4306.7001953125
2025-12-16,12562.87,11515.96,9422.15,90.77690124511719,4304.5
2025-12-17,12712.41,11653.04,9534.3,90.94889831542969,4347.5
2025-12-18,12614.34,11563.15,9460.76,90.4136962890625,4339.5
2025-12-19,12655.86,11601.21,9491.9,90.25579833984375,4361.39990234375
2025-12-22,12799.29,11732.69,9599.47,89.56999969482422,4444.60009765625
2025-12-23,12914.18,11838.0,9685.64,89.60389709472656,4482.7998046875
2025-12-24,12894.02,11819.52,9670.51,89.50789642333984,4480.60009765625
2025-12-26,13120.67,12027.28,9840.5,90.10590362548828,4529.10009765625
2025-12-29,12491.22,11450.29,9368.42,89.82929992675781,4325.10009765625
2025-12-30,12631.12,11578.53,9473.34,89.9000015258789,4370.10009765625
2025-12-31,12484.34,11443.97,9363.25,89.76940155029297,4325.60009765625
2026-01-02,12478.71,11438.82,9359.03,89.96189880371094,4314.39990234375
2026-01-05,12839.46,11769.5,9629.59,90.00700378417969,4436.89990234375
2026-01-06,13003.11,11919.52,9752.34,90.23300170898438,4482.2001953125
2026-01-07,12898.1,11823.26,9673.57,90.16609954833984,4449.2998046875
2026-01-08,12856.1,11784.76,9642.07,89.8644027709961,4449.7001953125
2026-01-09,12979.32,11897.71,9734.49,89.90540313720703,4490.2998046875
2026-01-12,13357.78,12244.63,10018.33,90.23600006103516,4604.2998046875
2026-01-13,13298.73,12190.5,9974.05,90.13269805908203,4589.2001953125
2026-01-14,13427.11,12308.18,10070.33,90.27300262451172,4626.2998046875
2026-01-15,13384.75,12269.36,10038.56,90.18319702148438,4616.2998046875
2026-01-16,13330.18,12219.33,9997.63,90.36160278320312,4588.39990234375
2026-01-20,13910.62,12751.4,10432.97,90.90450286865234,4759.60009765625
2026-01-21,14154.87,12975.29,10616.15,91.11840057373047,4831.7998046875
2026-01-22,14446.49,13242.61,10834.87,91.53690338134766,4908.7998046875
2026-01-23,14648.27,13427.58,10986.2,91.55829620361328,4976.2001953125
2026-01-26,14943.58,13698.28,11207.69,91.5009994506836,5079.7001953125
2026-01-27,14978.81,13730.57,11234.11,91.71309661865234,5079.89990234375
2026-01-28,15602.05,14301.88,11701.54,91.5343017578125,5301.60009765625
2026-01-29,15738.09,14426.59,11803.57,92.04080200195312,5318.39990234375
2026-01-30,13910.03,12750.86,10432.52,91.78189849853516,4713.89990234375
2026-02-02,13626.22,12490.7,10219.67,91.68699645996094,4622.5
2026-02-03,14227.9,13042.24,10670.92,90.24559783935547,4903.7001953125
2026-02-04,14304.4,13112.36,10728.3,90.42289733886719,4920.39990234375
2026-02-05,14086.31,12912.45,10564.74,90.125,4861.39990234375
2026-02-06,14376.73,13178.67,10782.55,90.3147964477539,4951.2001953125
2026-02-09,14710.59,13484.71,11032.94,90.58799743652344,5050.89990234375
2026-02-10,14611.19,13393.59,10958.39,90.82279968261719,5003.7998046875
2026-02-11,14770.86,13539.96,11078.15,90.58789825439453,5071.60009765625
2026-02-12,14363.51,13166.55,10772.63,90.73570251464844,4923.7001953125
2026-02-13,14622.56,13404.02,10966.92,90.56410217285156,5022.0
2026-02-17,14251.91,13064.25,10688.93,90.78299713134766,4882.89990234375
2026-02-18,14529.15,13318.39,10896.87,90.6261978149414,4986.5
2026-02-19,14525.03,13314.61,10893.78,90.79350280761719,4975.89990234375
2026-02-20,14808.76,13574.7,11106.57,91.04109954833984,5059.2998046875
2026-02-23,15181.72,13916.58,11386.29,90.72660064697266,5204.7001953125
2026-02-24,15087.74,13830.43,11315.8,91.02010345458984,5155.7998046875
2026-02-25,15218.72,13950.49,11414.04,90.91799926757812,5206.39990234375
2026-02-26,15136.81,13875.41,11352.61,90.95099639892578,5176.5
2026-02-27,15304.2,14028.85,11478.15,91.00740051269531,5230.5
2026-03-02,15503.46,14211.5,11627.59,91.07959747314453,5294.39990234375
2026-03-03,15035.31,13782.37,11276.49,91.56340026855469,5107.39990234375
2026-03-04,15146.28,13884.09,11359.71,92.00859832763672,5120.2001953125
2026-03-05,15002.51,13752.3,11251.88,92.12300109863281,5065.2998046875
2026-03-06,15186.22,13920.7,11389.66,91.78690338134766,5146.10009765625
2026-03-09,15049.53,13795.41,11287.15,91.93620300292969,5091.5
2026-03-10,15337.72,14059.58,11503.29,91.220703125,5229.7001953125
2026-03-11,15311.91,14035.92,11483.93,92.16510009765625,5167.39990234375
2026-03-12,15169.48,13905.36,11377.11,92.22879791259766,5115.7998046875
2026-03-13,15007.96,13757.29,11255.97,92.38990020751953,5052.5
2026-03-16,14862.08,13623.57,11146.56,92.5635986328125,4994.0
2026-03-17,14837.74,13601.27,11128.31,92.28269958496094,5001.0
2026-03-18,14525.19,13314.76,10893.89,92.39129638671875,4889.89990234375
2026-03-19,13792.65,12643.26,10344.49,93.24659729003906,4600.7001953125
2026-03-20,13677.67,12537.86,10258.25,93.0822982788086,4570.39990234375
2026-03-23,13295.11,12187.18,9971.33,93.89530181884766,4404.10009765625
2026-03-24,13188.45,12089.41,9891.34,93.24369812011719,4399.2998046875
2026-03-25,13794.1,12644.59,10345.57,94.29969787597656,4549.7998046875
2026-03-26,13321.08,12210.99,9990.81,94.6937026977539,4375.5
2026-03-27,13620.28,12485.25,10215.21,94.30950164794922,4492.0
2026-03-30,13792.09,12642.75,10344.07,94.78179931640625,4526.0
2026-03-31,14099.01,12924.09,10574.26,94.35590362548828,4647.60009765625
2026-04-01,14376.33,13178.3,10782.25,93.48429870605469,4783.2001953125
2026-04-02,13854.62,12700.06,10390.96,92.6426010131836,4651.5
2026-04-06,13919.57,12759.61,10439.68,92.97100067138672,4656.7998046875
2026-04-07,13897.35,12739.24,10423.01,92.81659698486328,4657.10009765625
2026-04-08,14179.74,12998.09,10634.8,92.86019897460938,4749.5
2026-04-09,14217.03,13032.28,10662.77,92.2748031616211,4792.2001953125
2026-04-10,14156.99,12977.24,10617.74,92.46980285644531,4761.89990234375
2026-04-13,14409.91,13209.08,10807.43,94.50879669189453,4742.39990234375
2026-04-14,14728.83,13501.43,11046.63,94.9468002319336,4825.0
2026-04-15,14377.61,13179.47,10783.21,93.16539764404297,4800.0
2026-04-16,14367.94,13170.61,10775.95,93.38680267333984,4785.39990234375
2026-04-17,14531.79,13320.81,10898.84,93.04789733886719,4857.60009765625
2026-04-20,14310.51,13117.97,10732.88,92.60330200195312,4806.60009765625
2026-04-21,14066.97,12894.72,10550.22,93.12359619140625,4698.39990234375
2026-04-22,14245.02,13057.93,10683.76,93.622802734375,4732.5
2026-04-23,14189.42,13006.97,10642.07,93.80049896240234,4705.10009765625
2026-04-24,14288.72,13098.0,10716.54,94.11289978027344,4722.2998046875
2026-04-27,14167.47,12986.85,10625.6,94.25029754638672,4675.39990234375
2026-04-28,13914.44,12754.91,10435.83,94.25849914550781,4591.5
2026-04-29,13830.69,12678.13,10373.01,94.64550018310547,4545.2001953125
2026-04-30,14082.39,12908.86,10561.79,94.9166030883789,4614.7001953125
2026-05-01,14105.33,12929.89,10579.0,94.75910186767578,4629.89990234375
2026-05-04,13789.9,12640.74,10342.42,94.90299987792969,4519.5
2026-05-05,13952.86,12790.12,10464.64,95.2593994140625,4555.7998046875
2026-05-06,14327.56,13133.6,10745.67,95.18299865722656,4681.89990234375
2026-05-07,14295.45,13104.17,10721.59,94.60800170898438,4699.7998046875
2026-05-08,14304.24,13112.22,10728.18,94.25299835205078,4720.39990234375
2026-05-11,14325.23,13131.46,10743.92,94.42530059814453,4718.7001953125
2026-05-12,14345.74,13150.26,10759.31,95.39140319824219,4677.60009765625
2026-05-13,14443.88,13240.22,10832.91,95.63300323486328,4697.7001953125
2026-05-14,14393.06,13193.64,10794.79,95.69580078125,4678.10009765625
2026-05-15,14018.84,12850.61,10514.13,95.70989990234375,4555.7998046875
2026-05-18,14046.8,12876.24,10535.1,95.97029876708984,4552.5
2026-05-19,13947.7,12785.39,10460.78,96.27020263671875,4506.2998046875
2026-05-20,13960.74,12797.35,10470.56,96.81999969482422,4484.89990234375
